{
  "total_prompts": 386,
  "char_count": {
    "min": 129,
    "max": 213379,
    "mean": 30982.411917098445,
    "median": 20803.0,
    "std": 34134.17300303776,
    "p25": 8419.0,
    "p50": 20803.0,
    "p75": 39813.75,
    "p90": 78564.0,
    "p95": 93939.25,
    "p99": 164621.19999999975
  },
  "word_count": {
    "min": 13,
    "max": 24809,
    "mean": 3235.497409326425,
    "median": 2125.0,
    "std": 3567.8115641294917
  },
  "content_types": {
    "Code": 319,
    "Markdown": 65,
    "Text": 2
  }
}